{
  "summary": {
    "successRate": 1.0,
    "total": 10.001333079,
    "slowest": 0.022402909,
    "fastest": 0.000901701,
    "average": 0.0028430639678000066,
    "requestsPerSec": 999.8667098686275,
    "totalData": 55870000,
    "sizePerRequest": 5587,
    "sizePerSec": 5586255.308036022
  },
  "responseTimeHistogram": {
    "0.000901701": 1,
    "0.0030518217999999995": 8303,
    "0.005201942599999999": 770,
    "0.007352063399999999": 309,
    "0.009502184199999998": 170,
    "0.011652304999999996": 110,
    "0.013802425799999997": 117,
    "0.0159525466": 74,
    "0.018102667399999998": 70,
    "0.020252788199999996": 42,
    "0.022402908999999995": 34
  },
  "latencyPercentiles": {
    "p10": 0.0013636,
    "p25": 0.001591101,
    "p50": 0.001997701,
    "p75": 0.002527801,
    "p90": 0.004821302,
    "p95": 0.008648604,
    "p99": 0.017252807,
    "p99.9": 0.021646809,
    "p99.99": 0.022123009
  },
  "responseTimeHistogramSuccessful": {
    "0.000901701": 1,
    "0.0030518217999999995": 8303,
    "0.005201942599999999": 770,
    "0.007352063399999999": 309,
    "0.009502184199999998": 170,
    "0.011652304999999996": 110,
    "0.013802425799999997": 117,
    "0.0159525466": 74,
    "0.018102667399999998": 70,
    "0.020252788199999996": 42,
    "0.022402908999999995": 34
  },
  "latencyPercentilesSuccessful": {
    "p10": 0.0013636,
    "p25": 0.001591101,
    "p50": 0.001997701,
    "p75": 0.002527801,
    "p90": 0.004821302,
    "p95": 0.008648604,
    "p99": 0.017252807,
    "p99.9": 0.021646809,
    "p99.99": 0.022123009
  },
  "responseTimeHistogramNotSuccessful": {
    "NaN": 0
  },
  "latencyPercentilesNotSuccessful": {
    "p10": null,
    "p25": null,
    "p50": null,
    "p75": null,
    "p90": null,
    "p95": null,
    "p99": null,
    "p99.9": null,
    "p99.99": null
  },
  "rps": {
    "mean": 999.5857469448258,
    "stddev": 145.5083083962301,
    "max": 1611.5164552480671,
    "percentiles": {
      "p10": 905.2124850526786,
      "p25": 950.8412938117992,
      "p50": 1004.9135246789328,
      "p75": 1044.1897990381858,
      "p90": 1114.1491369648866,
      "p95": 1254.8490766872837,
      "p99": 1402.5378923161363,
      "p99.9": 1562.2715177905172,
      "p99.99": 1611.5164552480671
    }
  },
  "details": {
    "DNSDialup": {
      "average": 0.00008647772240000019,
      "fastest": 0.0000253,
      "slowest": 0.0006029
    },
    "DNSLookup": {
      "average": 0.000012508683499999998,
      "fastest": 2.5e-6,
      "slowest": 0.0001534
    }
  },
  "statusCodeDistribution": {
    "200": 10000
  },
  "errorDistribution": {}
}