{
  "summary": {
    "successRate": 1.0,
    "total": 3.001437902,
    "slowest": 0.0066392,
    "fastest": 0.0012753,
    "average": 0.0022729656699999982,
    "requestsPerSec": 99.95209289524058,
    "totalData": 1676100,
    "sizePerRequest": 5587,
    "sizePerSec": 558432.3430057091
  },
  "responseTimeHistogram": {
    "0.0012753": 1,
    "0.00181169": 50,
    "0.00234808": 171,
    "0.00288447": 41,
    "0.00342086": 5,
    "0.00395725": 28,
    "0.00449364": 1,
    "0.00503003": 1,
    "0.00556642": 0,
    "0.00610281": 0,
    "0.0066392": 2
  },
  "latencyPercentiles": {
    "p10": 0.0017323,
    "p25": 0.0019076,
    "p50": 0.0021057,
    "p75": 0.0023594,
    "p90": 0.0034386,
    "p95": 0.0036085,
    "p99": 0.0046097,
    "p99.9": 0.0066392,
    "p99.99": 0.0066392
  },
  "rps": {
    "mean": 100.98319613073056,
    "stddev": 10.709970796580002,
    "max": 239.859921805657,
    "percentiles": {
      "p10": 94.36989222958148,
      "p25": 96.72021742704835,
      "p50": 99.6790335120917,
      "p75": 104.03229162332025,
      "p90": 107.90978741771978,
      "p95": 110.33265294864148,
      "p99": 137.1572782509704,
      "p99.9": 239.859921805657,
      "p99.99": 239.859921805657
    }
  },
  "details": {
    "DNSDialup": {
      "average": 0.000159954,
      "fastest": 0.0000953,
      "slowest": 0.0020797
    },
    "DNSLookup": {
      "average": 0.000029769333333333333,
      "fastest": 0.000015,
      "slowest": 0.0018962
    }
  },
  "statusCodeDistribution": {
    "200": 300
  },
  "errorDistribution": {}
}