{
  "summary": {
    "successRate": 1.0,
    "total": 3.00421827,
    "slowest": 2.339991276,
    "fastest": 0.0134979,
    "average": 0.6251822139259045,
    "requestsPerSec": 1452.2912810859114,
    "totalData": 19906481,
    "sizePerRequest": 5587,
    "sizePerSec": 6626176.665918485
  },
  "responseTimeHistogram": {
    "0.0134979": 1,
    "0.2461472376": 474,
    "0.4787965752": 888,
    "0.7114459127999999": 637,
    "0.9440952504": 1024,
    "1.176744588": 507,
    "1.4093939255999999": 6,
    "1.6420432632": 15,
    "1.8746926008": 8,
    "2.1073419384": 0,
    "2.339991276": 3
  },
  "latencyPercentiles": {
    "p10": 0.197082598,
    "p25": 0.395027296,
    "p50": 0.675528493,
    "p75": 0.858382092,
    "p90": 0.98825689,
    "p95": 1.041118389,
    "p99": 1.076655989,
    "p99.9": 1.873503481,
    "p99.99": 2.339991276
  },
  "responseTimeHistogramSuccessful": {
    "0.0134979": 1,
    "0.2461472376": 474,
    "0.4787965752": 888,
    "0.7114459127999999": 637,
    "0.9440952504": 1024,
    "1.176744588": 507,
    "1.4093939255999999": 6,
    "1.6420432632": 15,
    "1.8746926008": 8,
    "2.1073419384": 0,
    "2.339991276": 3
  },
  "latencyPercentilesSuccessful": {
    "p10": 0.197082598,
    "p25": 0.395027296,
    "p50": 0.675528493,
    "p75": 0.858382092,
    "p90": 0.98825689,
    "p95": 1.041118389,
    "p99": 1.076655989,
    "p99.9": 1.873503481,
    "p99.99": 2.339991276
  },
  "responseTimeHistogramNotSuccessful": {
    "NaN": 0
  },
  "latencyPercentilesNotSuccessful": {
    "p10": null,
    "p25": null,
    "p50": null,
    "p75": null,
    "p90": null,
    "p95": null,
    "p99": null,
    "p99.9": null,
    "p99.99": null
  },
  "rps": {
    "mean": 1354.4665236068222,
    "stddev": 1967.0195200234282,
    "max": 33394.656854903405,
    "percentiles": {
      "p10": 829.0413173466548,
      "p25": 1075.6852114796889,
      "p50": 1298.1955082435559,
      "p75": 1428.8630332721002,
      "p90": 1526.2204676339757,
      "p95": 1566.874190448307,
      "p99": 4872.778119107641,
      "p99.9": 33394.656854903405,
      "p99.99": 33394.656854903405
    }
  },
  "details": {
    "DNSDialup": {
      "average": 0.012218005927869785,
      "fastest": 0.0000257,
      "slowest": 1.076005589
    },
    "DNSLookup": {
      "average": 0.000011229357283188307,
      "fastest": 2.1e-6,
      "slowest": 0.0001217
    }
  },
  "statusCodeDistribution": {
    "200": 3563
  },
  "errorDistribution": {
    "aborted due to deadline": 800
  }
}