{
  "summary": {
    "successRate": 1.0,
    "total": 10.000846366,
    "slowest": 8.669316128,
    "fastest": 0.0058626,
    "average": 4.40878945442293,
    "requestsPerSec": 1334.8870197012684,
    "totalData": 74307100,
    "sizePerRequest": 5587,
    "sizePerSec": 7430081.143194317
  },
  "responseTimeHistogram": {
    "0.0058626": 1,
    "0.8722079528000001": 1295,
    "1.7385533056": 1279,
    "2.6048986584000002": 1230,
    "3.4712440112": 1306,
    "4.337589364": 1338,
    "5.203934716800001": 1399,
    "6.070280069600001": 1385,
    "6.936625422400001": 1355,
    "7.8029707752": 1347,
    "8.669316128": 1365
  },
  "latencyPercentiles": {
    "p10": 0.897466726,
    "p25": 2.267538964,
    "p50": 4.465407767,
    "p75": 6.547204145,
    "p90": 7.827892756,
    "p95": 8.239703791,
    "p99": 8.568560919,
    "p99.9": 8.660579027,
    "p99.99": 8.668150328
  },
  "rps": {
    "mean": 1328.734765211645,
    "stddev": 260.9761251938841,
    "max": 2246.974609187019,
    "percentiles": {
      "p10": 972.9203826819885,
      "p25": 1230.8449750753869,
      "p50": 1379.178646070934,
      "p75": 1504.7850660312793,
      "p90": 1587.5366099171904,
      "p95": 1639.243321184836,
      "p99": 1726.53669636952,
      "p99.9": 1774.9575674207354,
      "p99.99": 2246.974609187019
    }
  },
  "details": {
    "DNSDialup": {
      "average": 0.00007325588323308266,
      "fastest": 0.0000316,
      "slowest": 0.0012254
    },
    "DNSLookup": {
      "average": 0.00001102334609022556,
      "fastest": 2.6e-6,
      "slowest": 0.0001418
    }
  },
  "statusCodeDistribution": {
    "200": 13300
  },
  "errorDistribution": {
    "aborted due to deadline": 50
  }
}