{
  "summary": {
    "successRate": 1.0,
    "total": 1.995095612,
    "slowest": 0.00751,
    "fastest": 0.0014439,
    "average": 0.002467713005,
    "requestsPerSec": 100.24582220373306,
    "totalData": 1117400,
    "sizePerRequest": 5587,
    "sizePerSec": 560073.4086522566
  },
  "responseTimeHistogram": {
    "0.0014439": 1,
    "0.00205051": 95,
    "0.00265712": 67,
    "0.0032637300000000003": 3,
    "0.00387034": 3,
    "0.00447695": 20,
    "0.00508356": 7,
    "0.00569017": 1,
    "0.00629678": 1,
    "0.006903390000000001": 1,
    "0.00751": 1
  },
  "latencyPercentiles": {
    "p10": 0.0018599,
    "p25": 0.001948,
    "p50": 0.0020763,
    "p75": 0.0023191,
    "p90": 0.0042616,
    "p95": 0.0045334,
    "p99": 0.006666,
    "p99.9": 0.00751,
    "p99.99": 0.00751
  },
  "rps": {
    "mean": 100.85062405975707,
    "stddev": 8.007817507851072,
    "max": 159.74951276398608,
    "percentiles": {
      "p10": 94.03975116705683,
      "p25": 96.79511378265694,
      "p50": 98.82985452245333,
      "p75": 105.49636037556688,
      "p90": 109.06671611024561,
      "p95": 111.92442862579028,
      "p99": 128.94906511927675,
      "p99.9": 159.74951276398608,
      "p99.99": 159.74951276398608
    }
  },
  "details": {
    "DNSDialup": {
      "average": 0.0001444215050000001,
      "fastest": 0.0000935,
      "slowest": 0.0003535
    },
    "DNSLookup": {
      "average": 0.000021018000000000004,
      "fastest": 0.0000152,
      "slowest": 0.0000667
    }
  },
  "statusCodeDistribution": {
    "200": 200
  },
  "errorDistribution": {}
}